,text
0,"HEALTHY REWARDS
OFFER WITH CARD
$1499/lb. 2
SAVE $10/lb.
Fresh, Wild
NON-GMO
FRESH
Sockeye
Salmon Fillets
100% Traceable and Sustainably Sourced, All Earth Fare
Salmon is non-GMO, Superior Flavor, Great Source of
Omega-3 Fatty Acids, Product of the USA (Alaska)
Discount Taken at Register
"
1,"Humane
HEALTHY REWARDS
OFFER WITH CARD
FRESH
SERTIFIES
HALF OFF!
SAVE $1.30/lb.
Fresh
Whole Chicken
Never Administered Antibiotics
or Growth Hormones, 100%
Vegetarian Diet, 3rd Party Certified
Humanely Raised
Discount Taken at Register
"
2,"HEALTHY REWARDS
OFFER WITH CARD
BUY ONE
BOGO
BUY ONE, GET ONE
GET ONE FREE
FREE
SAVE $5.99 on 2
ORGANIC
Organic
Strawberries
1 lb.
Eat them plain, or use for baking and
smoothies, these nutrient-rich and organic
berries make it easy to incorporate healthy
into your everyday diet.
Discount Taken at Register
LOW
PRICE!
ME ONLY
LIMITED
"
3,"EARTH FARE
Sales Valid Wed. July 5 â€“ Tues. July 11
"
